jurisdiction,vertical,statute_citation,statute_title,official_url,agency_governed,year_enacted,last_amended,source_url,retrieval_date,notes
Alabama,Lottery,NOT FOUND - needs human review,No state lottery authorized,,N/A,,,https://alison.legislature.state.al.us/code-of-alabama,2026-05-22,"Alabama has no authorized state lottery. Ala. Const. Art. IV, Sec. 65 prohibits lotteries. Lottery legislation pending but not enacted as of 2026."
Alabama,Horse/parimutuel racing,"Ala. Code Title 11, county-specific local acts","Local Acts: Birmingham, Macon, Mobile, Greene, Jefferson county racing commissions",https://alison.legislature.state.al.us/code-of-alabama,"County Racing Commissions (Birmingham, Macon, Mobile, Greene, Jefferson)",1971,,https://alison.legislature.state.al.us/code-of-alabama,2026-05-22,Alabama regulates racing only through county-level local constitutional amendments and local acts; no statewide racing commission.
Alabama,Charitable gaming,Ala. Const. amends. (local bingo amendments); Ala. Code §§ 13A-12-20 et seq.,Charitable bingo authorized by local constitutional amendments; statewide gambling prohibitions in Criminal Code,https://law.justia.com/codes/alabama/title-13a/chapter-12/article-2/division-1/,Sheriffs/police chiefs by county (per local amendments); AG enforcement,1980,,https://law.justia.com/codes/alabama/title-13a/chapter-12/article-2/division-1/,2026-05-22,No statewide charitable gaming framework; each authorizing county has its own constitutional amendment.
Alaska,Charitable gaming,Alaska Stat. § 05.15.010 et seq.,Games of Chance and Contests of Skill,https://law.justia.com/codes/alaska/title-5/chapter-15/,"Alaska Department of Revenue, Tax Division - Charitable Gaming",1960,,https://law.justia.com/codes/alaska/title-5/chapter-15/,2026-05-22,"Alaska has no lottery, casino, sports betting, or pari-mutuel racing statute. AS 05.15 governs bingo, pull-tabs, raffles, and unique 'classics' (ice, salmon, etc.)."
Arizona,Lottery,Ariz. Rev. Stat. § 5-501 et seq.,Arizona State Lottery,https://www.azleg.gov/arsDetail/?title=5,Arizona State Lottery Commission,1980,,https://www.azleg.gov/arsDetail/?title=5,2026-05-22,
Arizona,Commercial casino,Ariz. Rev. Stat. § 5-601 et seq.,Tribal-State Gaming Compacts (only legal casino gaming in Arizona is tribal),https://www.azleg.gov/arsDetail/?title=5,Arizona Department of Gaming,1993,2021,https://www.azleg.gov/arsDetail/?title=5,2026-05-22,Arizona has no commercial casinos. All casino gaming is tribal under IGRA compacts.
Arizona,Horse/parimutuel racing,Ariz. Rev. Stat. § 5-101 et seq.,Racing,https://www.azleg.gov/arsDetail/?title=5,Arizona Department of Gaming - Racing Division,1949,,https://www.azleg.gov/arsDetail/?title=5,2026-05-22,
Arizona,Sports betting,Ariz. Rev. Stat. § 5-1301 et seq.,Event Wagering,https://www.azleg.gov/arsDetail/?title=5,Arizona Department of Gaming,2021,,https://www.azleg.gov/arsDetail/?title=5,2026-05-22,Enacted via HB 2772 (2021).
Arizona,Charitable gaming,Ariz. Rev. Stat. § 5-401 et seq.,Bingo,https://www.azleg.gov/arsDetail/?title=5,Arizona Department of Revenue - Bingo Section,1980,,https://www.azleg.gov/arsDetail/?title=5,2026-05-22,
Arizona,DFS / fantasy sports,Ariz. Rev. Stat. § 5-1201 et seq.,Fantasy Sports Contests,https://www.azleg.gov/arsDetail/?title=5,Arizona Department of Gaming,2021,,https://www.azleg.gov/arsDetail/?title=5,2026-05-22,"Authorized in same legislation as event wagering (HB 2772, 2021)."
Arkansas,Lottery,Ark. Code Ann. § 23-115-101 et seq.,Arkansas Scholarship Lottery Act,https://law.justia.com/codes/arkansas/title-23/subtitle-3/chapter-115/,Arkansas Scholarship Lottery (Dept. of Finance & Admin.),2009,,https://law.justia.com/codes/arkansas/title-23/subtitle-3/chapter-115/,2026-05-22,
Arkansas,Commercial casino,Ark. Const. amend. 100; Ark. Code Ann. § 23-117-101 et seq.,Arkansas Casino Gaming Amendment of 2018; implementing statute,https://codes.findlaw.com/ar/arkansas-constitution-of-1874/ar-const-amend-100-sect-4/,Arkansas Racing Commission,2018,,https://codes.findlaw.com/ar/arkansas-constitution-of-1874/ar-const-amend-100-sect-4/,2026-05-22,"Authorizes casinos in Crittenden, Garland, Jefferson and Pope counties."
Arkansas,Horse/parimutuel racing,Ark. Code Ann. § 23-110-101 et seq.,Arkansas Horse Racing Law,https://law.justia.com/codes/arkansas/title-23/subtitle-3/chapter-110/,Arkansas Racing Commission,1957,,https://law.justia.com/codes/arkansas/title-23/subtitle-3/chapter-110/,2026-05-22,
Arkansas,Sports betting,Ark. Const. amend. 100 § 4; Arkansas Casino Gaming Rules,Authorized under Amendment 100; regulated via Casino Gaming Rules,https://codes.findlaw.com/ar/arkansas-constitution-of-1874/ar-const-amend-100-sect-4/,Arkansas Racing Commission,2018,2022,https://www.dfa.arkansas.gov/wp-content/uploads/2025ArkansasCasinoGamingRules.pdf,2026-05-22,Sports wagering authorized by Amendment 100 and Commission rules; mobile launched 2022.
Arkansas,Charitable gaming,Ark. Code Ann. § 23-114-101 et seq.,Charitable Bingo and Raffles Enabling Act,https://law.justia.com/codes/arkansas/title-23/subtitle-3/chapter-114/,Arkansas Department of Finance and Administration,2007,,https://law.justia.com/codes/arkansas/title-23/subtitle-3/chapter-114/,2026-05-22,
California,Lottery,Cal. Gov't Code § 8880 et seq.,California State Lottery Act of 1984,https://leginfo.legislature.ca.gov/faces/codes_displayexpandedbranch.xhtml?tocCode=GOV,California State Lottery Commission,1984,,https://leginfo.legislature.ca.gov/faces/codes_displayexpandedbranch.xhtml?tocCode=GOV,2026-05-22,Authorized by Proposition 37 (1984).
California,Commercial casino,Cal. Bus. & Prof. Code § 19800 et seq.,Gambling Control Act,https://leginfo.legislature.ca.gov/faces/codes_displayexpandedbranch.xhtml?tocCode=BPC,California Gambling Control Commission; Bureau of Gambling Control (DOJ),1997,,https://leginfo.legislature.ca.gov/faces/codes_displayexpandedbranch.xhtml?tocCode=BPC,2026-05-22,Governs cardrooms; tribal casinos governed by IGRA compacts. No commercial Vegas-style casinos.
California,Horse/parimutuel racing,Cal. Bus. & Prof. Code § 19400 et seq.,Horse Racing Law,https://leginfo.legislature.ca.gov/faces/codes_displayexpandedbranch.xhtml?tocCode=BPC,California Horse Racing Board,1933,,https://leginfo.legislature.ca.gov/faces/codes_displayexpandedbranch.xhtml?tocCode=BPC,2026-05-22,
California,Sports betting,NOT FOUND - needs human review,Sports betting not legal in California,,N/A,,,https://oag.ca.gov/gambling,2026-05-22,Propositions 26 and 27 both failed in 2022. No legal sports wagering as of 2026.
California,Charitable gaming,Cal. Bus. & Prof. Code § 19985 et seq.; Cal. Penal Code § 326.5,Charitable Bingo; Charitable Raffles,https://leginfo.legislature.ca.gov/faces/codes_displayexpandedbranch.xhtml?tocCode=BPC,Local jurisdictions; CA Attorney General (registry),1976,,https://leginfo.legislature.ca.gov/faces/codes_displayexpandedbranch.xhtml?tocCode=BPC,2026-05-22,Bingo authorized at local option; raffles registered with AG.
California,DFS / fantasy sports,NOT FOUND - needs human review,DFS legal status unsettled by statute; operates under 2014 AG informal guidance,,California Attorney General,,,https://oag.ca.gov/gambling,2026-05-22,No statute expressly authorizing DFS. Operators rely on absence of prohibition.
Colorado,Lottery,Colo. Rev. Stat. § 44-40-101 et seq.,Colorado State Lottery Division,https://law.justia.com/codes/colorado/title-44/gaming-and-racing/article-40/,Colorado Lottery (Dept. of Revenue),1982,2018,https://law.justia.com/codes/colorado/title-44/gaming-and-racing/article-40/,2026-05-22,Recodified 2018 to Title 44.
Colorado,Commercial casino,Colo. Rev. Stat. § 44-30-101 et seq.,Colorado Limited Gaming Act,https://law.justia.com/codes/colorado/title-44/gaming-and-racing/article-30/,Colorado Limited Gaming Control Commission,1991,2020,https://law.justia.com/codes/colorado/title-44/gaming-and-racing/article-30/,2026-05-22,"Limited gaming in Black Hawk, Central City, Cripple Creek; expanded by Amendment 77 (2020)."
Colorado,Horse/parimutuel racing,Colo. Rev. Stat. § 44-32-101 et seq.,Colorado Racing Act,https://law.justia.com/codes/colorado/title-44/gaming-and-racing/article-32/,Colorado Racing Commission,1948,,https://law.justia.com/codes/colorado/title-44/gaming-and-racing/article-32/,2026-05-22,
Colorado,Sports betting,Colo. Rev. Stat. § 44-30-1501 et seq.,Sports Betting (Part 15 of Limited Gaming Act),https://law.justia.com/codes/colorado/title-44/gaming-and-racing/article-30/part-15/,Colorado Limited Gaming Control Commission,2019,,https://law.justia.com/codes/colorado/title-44/gaming-and-racing/article-30/part-15/,2026-05-22,Authorized by HB19-1327 contingent on voter approval of Proposition DD (passed Nov 2019).
Colorado,Charitable gaming,Colo. Rev. Stat. § 24-21-601 et seq.,Bingo and Raffles Law,https://law.justia.com/codes/colorado/title-24/principal-departments/article-21/,Colorado Secretary of State - Bingo-Raffles Program,1958,,https://law.justia.com/codes/colorado/title-24/principal-departments/article-21/,2026-05-22,
Colorado,DFS / fantasy sports,Colo. Rev. Stat. § 12-110-101 et seq.,Fantasy Contests Act,https://law.justia.com/codes/colorado/title-12/professions-and-occupations/article-110/,Colorado Division of Professions and Occupations,2016,,https://law.justia.com/codes/colorado/title-12/professions-and-occupations/article-110/,2026-05-22,
Connecticut,Lottery,Conn. Gen. Stat. § 12-800 et seq.,Connecticut Lottery Corporation Act,https://www.cga.ct.gov/current/pub/chap_226.htm,Connecticut Lottery Corporation,1996,,https://www.cga.ct.gov/current/pub/chap_226.htm,2026-05-22,Chapter 226 of CGS.
Connecticut,Commercial casino,Conn. Gen. Stat. § 12-557b et seq.,"Division of Special Revenue/Gaming statutes; tribal compacts (1991, 1994)",https://www.cga.ct.gov/current/pub/chap_226.htm,Connecticut Department of Consumer Protection - Gaming Division,1971,,https://portal.ct.gov/DCP/Agency-Administration/Division-Home-Pages/Gaming-Division,2026-05-22,No commercial casinos; Foxwoods (Mashantucket Pequot) and Mohegan Sun (Mohegan Tribe) under tribal compacts.
Connecticut,Horse/parimutuel racing,Conn. Gen. Stat. § 12-571 et seq.,Off-Track Betting; pari-mutuel statutes,https://www.cga.ct.gov/current/pub/chap_226.htm,Department of Consumer Protection - Gaming Division,1971,,https://www.cga.ct.gov/current/pub/chap_226.htm,2026-05-22,Live horse racing largely defunct; OTB operated by Sportech.
Connecticut,Sports betting,Conn. Gen. Stat. § 12-850 et seq.,"Licensing and Regulation of Online Casino Gaming, Sports Wagering, Fantasy Contests, Keno and Online Sale of Lottery Tickets",https://www.cga.ct.gov/2024/sup/chap_229b.htm,Connecticut Department of Consumer Protection - Gaming Division,2021,,https://www.cga.ct.gov/2024/sup/chap_229b.htm,2026-05-22,Chapter 229b enacted by Public Act 21-23.
Connecticut,iGaming/online casino,Conn. Gen. Stat. § 12-850 et seq.,"Licensing and Regulation of Online Casino Gaming, Sports Wagering, Fantasy Contests, Keno and Online Sale of Lottery Tickets",https://www.cga.ct.gov/2024/sup/chap_229b.htm,Connecticut Department of Consumer Protection - Gaming Division,2021,,https://www.cga.ct.gov/2024/sup/chap_229b.htm,2026-05-22,Online casino gaming authorized for two tribes only.
Connecticut,Charitable gaming,Conn. Gen. Stat. § 7-169 et seq.,"Bingo, Bazaars, Raffles, and Sealed Tickets",https://www.cga.ct.gov/current/pub/chap_098.htm,Connecticut Department of Consumer Protection,1939,,https://www.cga.ct.gov/current/pub/chap_098.htm,2026-05-22,Chapter 98 of CGS.
Connecticut,DFS / fantasy sports,Conn. Gen. Stat. § 12-850 et seq.,Included in Chapter 229b regulation,https://www.cga.ct.gov/2024/sup/chap_229b.htm,Connecticut Department of Consumer Protection,2021,,https://www.cga.ct.gov/2024/sup/chap_229b.htm,2026-05-22,Authorized under same Chapter 229b umbrella as sports wagering and iGaming.
Delaware,Lottery,"Del. Code Ann. tit. 29, § 4801 et seq.","State Lottery (Subchapter I, Chapter 48 of Title 29)",https://delcode.delaware.gov/title29/c048/sc01/,Delaware Lottery,1974,,https://delcode.delaware.gov/title29/c048/sc01/,2026-05-22,
Delaware,Commercial casino,"Del. Code Ann. tit. 29, § 4801 et seq. (video lottery agents)",Video Lottery provisions of Chapter 48,https://delcode.delaware.gov/title29/c048/sc01/,Delaware Lottery,1994,,https://delcode.delaware.gov/title29/c048/sc01/,2026-05-22,All DE casinos operate as 'video lottery agents' under the State Lottery.
Delaware,Horse/parimutuel racing,"Del. Code Ann. tit. 3, § 10001 et seq. (Thoroughbred); tit. 3, § 10101 et seq. (Harness)",Delaware Thoroughbred Racing; Delaware Harness Racing,https://delcode.delaware.gov/title3/c100/,Delaware Thoroughbred Racing Commission; Delaware Harness Racing Commission,1933,,https://delcode.delaware.gov/title3/c100/,2026-05-22,
Delaware,Sports betting,"Del. Code Ann. tit. 29, § 4825","Sports Lottery (Subchapter I, Chapter 48 of Title 29)",https://law.justia.com/codes/delaware/title-29/chapter-48/subchapter-i/section-4825/,Delaware Lottery,2009,2018,https://law.justia.com/codes/delaware/title-29/chapter-48/subchapter-i/section-4825/,2026-05-22,Authorized as 'sports lottery' 2009 (parlays); expanded to single-game post-Murphy v. NCAA (2018).
Delaware,iGaming/online casino,"Del. Code Ann. tit. 29, § 4826",Internet Lottery / Interactive Gaming,https://delcode.delaware.gov/title29/c048/sc01/,Delaware Lottery,2012,,https://delcode.delaware.gov/title29/c048/sc01/,2026-05-22,Delaware was first U.S. state to legalize online casino gaming (2012).
Delaware,Charitable gaming,"Del. Code Ann. tit. 28, § 1101 et seq.","Bingo, Charitable Gambling, and Raffles",https://delcode.delaware.gov/title28/c011/,Delaware Board of Charitable Gaming,1957,,https://delcode.delaware.gov/title28/c011/,2026-05-22,
Delaware,DFS / fantasy sports,"Del. Code Ann. tit. 29, § 4862 et seq.",Interactive Fantasy Sports Contests Act,https://delcode.delaware.gov/title29/c048/sc04/,Delaware Department of Finance,2017,,https://delcode.delaware.gov/title29/c048/,2026-05-22,"Subchapter IV of Chapter 48, Title 29."
District of Columbia,Lottery,D.C. Code § 3-1301 et seq.,"Law to Legalize Lotteries, Daily Numbers Games, and Bingo and Raffles for Charitable Purposes",https://code.dccouncil.gov/us/dc/council/code/titles/3/chapters/13,DC Office of Lottery and Gaming,1981,,https://code.dccouncil.gov/us/dc/council/code/titles/3/chapters/13,2026-05-22,
District of Columbia,Sports betting,D.C. Code § 36-621.01 et seq.,Sports Wagering Lottery Amendment Act of 2018,https://code.dccouncil.gov/us/dc/council/code/titles/36/chapters/6a,DC Office of Lottery and Gaming,2019,,https://code.dccouncil.gov/us/dc/council/code/titles/36/chapters/6a,2026-05-22,
District of Columbia,Charitable gaming,D.C. Code § 3-1321 et seq.,Bingo and Raffles (subchapter of Lottery and Charitable Games statute),https://code.dccouncil.gov/us/dc/council/code/titles/3/chapters/13,DC Office of Lottery and Gaming,1981,,https://code.dccouncil.gov/us/dc/council/code/titles/3/chapters/13,2026-05-22,
Florida,Lottery,Fla. Stat. ch. 24,State Lotteries,https://www.flsenate.gov/Laws/Statutes/2024/Chapter24,Florida Department of the Lottery,1986,,https://www.leg.state.fl.us/Statutes/index.cfm?App_mode=Display_Statute&URL=0000-0099%2F0024%2FSections%2F0024.115.html,2026-05-22,
Florida,Commercial casino,Fla. Stat. ch. 551,Slot Machines (Pari-Mutuel Slot Machine Code),https://www.flsenate.gov/Laws/Statutes/2024/Chapter551,Florida Gaming Control Commission,2004,,https://www.leg.state.fl.us/statutes/index.cfm?App_mode=Display_Statute&URL=0500-0599/0551/Sections/0551.101.html,2026-05-22,Slot machine casinos limited to Miami-Dade and Broward pari-mutuel facilities; tribal casinos under Seminole Compact.
Florida,Horse/parimutuel racing,Fla. Stat. ch. 550,Pari-Mutuel Wagering,https://www.flsenate.gov/Laws/Statutes/2024/Chapter550,Florida Gaming Control Commission - Division of Pari-Mutuel Wagering,1931,,https://flgaming.gov/pmw/statutes/,2026-05-22,
Florida,Sports betting,Fla. Stat. ch. 285 (2021 Seminole Compact codification),Indian Gaming Implementation; 2021 Compact,https://www.flsenate.gov/Laws/Statutes/2024/Chapter285,Florida Gaming Control Commission; Seminole Tribe,2021,,https://www.flsenate.gov/Laws/Statutes/2024/Chapter285,2026-05-22,Mobile sports betting offered exclusively by Seminole Tribe under 2021 Compact; survived federal challenge in 2023.
Florida,Charitable gaming,Fla. Stat. § 849.0931 (bingo); § 849.0935 (drawings by chance),Charitable Bingo; Charitable Drawings,https://www.flsenate.gov/Laws/Statutes/2024/Chapter849,Florida Department of Agriculture and Consumer Services,1967,,https://www.flsenate.gov/Laws/Statutes/2024/Chapter849,2026-05-22,
Georgia,Lottery,Ga. Code Ann. § 50-27-1 et seq.,Georgia Lottery for Education Act,https://law.justia.com/codes/georgia/title-50/chapter-27/,Georgia Lottery Corporation,1992,,https://law.justia.com/codes/georgia/title-50/chapter-27/,2026-05-22,
Georgia,Charitable gaming,Ga. Code Ann. § 16-12-50 et seq. (bingo); § 16-12-22.1 (raffles),Bingo; Raffles (Sheriffs license),https://law.justia.com/codes/georgia/title-16/chapter-12/article-2/,Georgia Bureau of Investigation (bingo); county sheriffs (raffles),1976,,https://law.justia.com/codes/georgia/title-16/chapter-12/article-2/,2026-05-22,
Georgia,DFS / fantasy sports,NOT FOUND - needs human review,No statute specifically authorizing DFS; operators rely on absence of prohibition,,N/A,,,https://gbi.georgia.gov/,2026-05-22,GA has no DFS-authorizing statute; AG opinions have not been formally codified.
Hawaii,Charitable gaming,NOT FOUND - needs human review,All gambling prohibited,,N/A,,,https://www.capitol.hawaii.gov/hrscurrent/Vol14_Ch0701-0853/HRS0712/,2026-05-22,"Hawaii prohibits virtually all gambling under HRS Chapter 712, Part III. No lottery, no casinos, no parimutuel, no sports betting, no charitable bingo statute."
Idaho,Lottery,Idaho Code § 67-7401 et seq.,Idaho State Lottery Act,https://legislature.idaho.gov/statutesrules/idstat/Title67/T67CH74/,Idaho State Lottery Commission,1988,,https://legislature.idaho.gov/statutesrules/idstat/Title67/T67CH74/,2026-05-22,
Idaho,Horse/parimutuel racing,Idaho Code § 54-2501 et seq.,Idaho Horse Racing Act,https://legislature.idaho.gov/statutesrules/idstat/Title54/T54CH25/,Idaho State Racing Commission,1963,,https://legislature.idaho.gov/statutesrules/idstat/Title54/T54CH25/,2026-05-22,
Idaho,Charitable gaming,Idaho Code § 67-7701 et seq.,Bingo and Raffles,https://legislature.idaho.gov/statutesrules/idstat/Title67/T67CH77/,Idaho State Lottery Commission,1993,,https://legislature.idaho.gov/statutesrules/idstat/Title67/T67CH77/,2026-05-22,
Illinois,Lottery,20 ILCS 1605/1 et seq.,Illinois Lottery Law,https://www.ilga.gov/legislation/ilcs/ilcs3.asp?ActID=510&ChapterID=5,Illinois Lottery (Dept. of Revenue),1974,,https://www.ilga.gov/legislation/ilcs/ilcs3.asp?ActID=510&ChapterID=5,2026-05-22,
Illinois,Commercial casino,230 ILCS 10/1 et seq.,Illinois Gambling Act (formerly Riverboat Gambling Act),https://www.ilga.gov/legislation/ilcs/ilcs3.asp?ActID=605&ChapterID=25,Illinois Gaming Board,1990,2019,https://www.ilga.gov/legislation/ilcs/ilcs3.asp?ActID=605&ChapterID=25,2026-05-22,Renamed Illinois Gambling Act by 2019 expansion (P.A. 101-31).
Illinois,Horse/parimutuel racing,230 ILCS 5/1 et seq.,Illinois Horse Racing Act of 1975,https://www.ilga.gov/legislation/ilcs/ilcs3.asp?ActID=601&ChapterID=25,Illinois Racing Board,1975,,https://www.ilga.gov/legislation/ilcs/ilcs3.asp?ActID=601&ChapterID=25,2026-05-22,
Illinois,Sports betting,230 ILCS 45/1 et seq.,Sports Wagering Act,https://www.ilga.gov/legislation/ilcs/ilcs5.asp?ActID=3996&ChapterID=25,Illinois Gaming Board,2019,,https://www.ilga.gov/legislation/ilcs/ilcs5.asp?ActID=3996&ChapterID=25,2026-05-22,Enacted via P.A. 101-31.
Illinois,Charitable gaming,230 ILCS 25/0.01 et seq. (Bingo License); 230 ILCS 15/0.01 et seq. (Raffles); 230 ILCS 30/0.01 et seq. (Pull Tabs),Bingo License and Tax Act; Raffles and Poker Runs Act; Illinois Pull Tabs and Jar Games Act,https://www.ilga.gov/legislation/ilcs/ilcs2.asp?ChapterID=25,Illinois Department of Revenue,1971,,https://www.ilga.gov/legislation/ilcs/ilcs2.asp?ChapterID=25,2026-05-22,
Illinois,DFS / fantasy sports,NOT FOUND - needs human review,No statute specifically authorizing DFS; operating under 2020 informal guidance,,Illinois Gaming Board (advisory),,,https://igb.illinois.gov/,2026-05-22,Operators function under informal guidance; bills introduced but not enacted.
Indiana,Lottery,Ind. Code § 4-30-1-1 et seq.,State Lottery,https://iga.in.gov/laws/2024/ic/titles/4#4-30,Hoosier Lottery / State Lottery Commission,1989,,https://iga.in.gov/laws/2024/ic/titles/4#4-30,2026-05-22,
Indiana,Commercial casino,Ind. Code § 4-33-1-1 et seq.,Riverboat Gambling,https://iga.in.gov/laws/2024/ic/titles/4#4-33,Indiana Gaming Commission,1993,,https://iga.in.gov/laws/2024/ic/titles/4#4-33,2026-05-22,
Indiana,Horse/parimutuel racing,Ind. Code § 4-31-1-1 et seq.,Pari-Mutuel Wagering on Horse Races,https://iga.in.gov/laws/2024/ic/titles/4#4-31,Indiana Horse Racing Commission,1989,,https://iga.in.gov/laws/2024/ic/titles/4#4-31,2026-05-22,
Indiana,Sports betting,Ind. Code § 4-38-1-1 et seq.,Sports Wagering,https://iga.in.gov/laws/2024/ic/titles/4#4-38,Indiana Gaming Commission,2019,,https://iga.in.gov/laws/2024/ic/titles/4#4-38,2026-05-22,Enacted via HEA 1015 (2019).
Indiana,Charitable gaming,Ind. Code § 4-32.3-1-1 et seq.,Charity Gaming,https://iga.in.gov/laws/2024/ic/titles/4#4-32.3,Indiana Gaming Commission - Charity Gaming Division,2007,,https://iga.in.gov/laws/2024/ic/titles/4#4-32.3,2026-05-22,
Indiana,DFS / fantasy sports,Ind. Code § 4-33-24-1 et seq.,Paid Fantasy Sports,https://iga.in.gov/laws/2024/ic/titles/4#4-33-24,Indiana Gaming Commission,2016,,https://iga.in.gov/laws/2024/ic/titles/4#4-33-24,2026-05-22,
Iowa,Lottery,Iowa Code ch. 99G,Iowa Lottery Authority Act,https://www.legis.iowa.gov/law/iowaCode/sections?codeChapter=99G,Iowa Lottery Authority,1985,2003,https://www.legis.iowa.gov/law/iowaCode/sections?codeChapter=99G,2026-05-22,Restructured as authority in 2003.
Iowa,Commercial casino,Iowa Code ch. 99F,Gambling Games and Sports Wagering Regulation,https://www.legis.iowa.gov/law/iowaCode/sections?codeChapter=99F,Iowa Racing and Gaming Commission,1989,2019,https://www.legis.iowa.gov/docs/ico/chapter/99F.pdf,2026-05-22,Includes riverboat and land-based casinos.
Iowa,Horse/parimutuel racing,Iowa Code ch. 99D,Pari-Mutuel Wagering,https://www.legis.iowa.gov/law/iowaCode/sections?codeChapter=99D,Iowa Racing and Gaming Commission,1983,,https://www.legis.iowa.gov/law/iowaCode/sections?codeChapter=99D,2026-05-22,
Iowa,Sports betting,Iowa Code § 99F.7A; ch. 99F,Sports Wagering (within Gambling Games chapter),https://www.legis.iowa.gov/docs/code/99F.7A.pdf,Iowa Racing and Gaming Commission,2019,,https://www.legis.iowa.gov/docs/code/99F.7A.pdf,2026-05-22,Enacted via SF 617 (2019); added to existing Ch. 99F.
Iowa,Charitable gaming,Iowa Code ch. 99B,"Games of Skill, Games of Chance, Raffles, and Bingo",https://www.legis.iowa.gov/law/iowaCode/sections?codeChapter=99B,"Iowa Department of Inspections, Appeals, and Licensing",1972,,https://www.legis.iowa.gov/law/iowaCode/sections?codeChapter=99B,2026-05-22,
Iowa,DFS / fantasy sports,Iowa Code § 99E.1 et seq.,Fantasy Sports Contests,https://www.legis.iowa.gov/law/iowaCode/sections?codeChapter=99E,Iowa Racing and Gaming Commission,2019,,https://www.legis.iowa.gov/law/iowaCode/sections?codeChapter=99E,2026-05-22,
Kansas,Lottery,Kan. Stat. Ann. § 74-8701 et seq.,Kansas Lottery Act,https://www.kslegislature.gov/li/b2023_24/statute/074_000_0000_chapter/074_087_0000_article/,Kansas Lottery,1986,,https://www.kslegislature.gov/li/b2023_24/statute/074_000_0000_chapter/074_087_0000_article/,2026-05-22,
Kansas,Commercial casino,Kan. Stat. Ann. § 74-8733 et seq.,Kansas Expanded Lottery Act,https://www.kslegislature.gov/li/b2023_24/statute/074_000_0000_chapter/074_087_0000_article/,Kansas Racing and Gaming Commission; Kansas Lottery,2007,,https://www.kslegislature.gov/li/b2023_24/statute/074_000_0000_chapter/074_087_0000_article/,2026-05-22,Casinos operate as 'destination casinos' contracted to Kansas Lottery; KRGC regulates.
Kansas,Horse/parimutuel racing,Kan. Stat. Ann. § 74-8801 et seq.,Kansas Parimutuel Racing Act,https://www.kslegislature.gov/li/b2023_24/statute/074_000_0000_chapter/074_088_0000_article/,Kansas Racing and Gaming Commission,1986,,https://www.kslegislature.gov/li/b2023_24/statute/074_000_0000_chapter/074_088_0000_article/,2026-05-22,Live racing has not operated for several years; statute remains in effect.
Kansas,Sports betting,Kan. Stat. Ann. § 74-8775 et seq.,Sports Wagering (within Expanded Lottery Act),https://www.kslegislature.gov/li/b2023_24/statute/074_000_0000_chapter/074_087_0000_article/,Kansas Racing and Gaming Commission; Kansas Lottery,2022,,https://www.kslegislature.gov/li/b2023_24/statute/074_000_0000_chapter/074_087_0000_article/,2026-05-22,Enacted via SB 84 (2022).
Kansas,Charitable gaming,Kan. Stat. Ann. § 75-5171 et seq. (bingo); § 75-5191 et seq. (charitable raffles),Bingo Act; Charitable Raffles Act,https://www.kslegislature.gov/li/b2023_24/statute/075_000_0000_chapter/,Kansas Department of Revenue,1975,,https://www.kslegislature.gov/li/b2023_24/statute/075_000_0000_chapter/,2026-05-22,
Kentucky,Lottery,Ky. Rev. Stat. § 154A.010 et seq.,Kentucky Lottery Corporation,https://apps.legislature.ky.gov/law/statutes/chapter.aspx?id=37574,Kentucky Lottery Corporation,1988,,https://apps.legislature.ky.gov/law/statutes/chapter.aspx?id=37574,2026-05-22,
Kentucky,Horse/parimutuel racing,Ky. Rev. Stat. ch. 230,Kentucky Horse Racing and Gaming Corporation,https://apps.legislature.ky.gov/law/statutes/chapter.aspx?id=38357,Kentucky Horse Racing and Gaming Corporation,1906,2023,https://apps.legislature.ky.gov/law/statutes/chapter.aspx?id=38357,2026-05-22,Includes historical horse racing.
Kentucky,Sports betting,Ky. Rev. Stat. § 230.379,Sports Wagering (within KRS ch. 230),https://apps.legislature.ky.gov/law/statutes/statute.aspx?id=56635,Kentucky Horse Racing and Gaming Corporation,2023,,https://apps.legislature.ky.gov/law/acts/23RS/documents/0147.pdf,2026-05-22,Enacted via HB 551 / 2023 Ky. Acts ch. 147.
Kentucky,Charitable gaming,Ky. Rev. Stat. ch. 238,Charitable Gaming,https://apps.legislature.ky.gov/law/statutes/chapter.aspx?id=38393,Kentucky Department of Charitable Gaming,1994,,https://apps.legislature.ky.gov/law/statutes/chapter.aspx?id=38393,2026-05-22,
Kentucky,DFS / fantasy sports,Ky. Rev. Stat. § 230.4001 et seq.,Fantasy Contests,https://apps.legislature.ky.gov/law/statutes/chapter.aspx?id=38357,Kentucky Department of Charitable Gaming,2018,,https://apps.legislature.ky.gov/law/statutes/chapter.aspx?id=38357,2026-05-22,
Louisiana,Lottery,La. Rev. Stat. § 47:9000 et seq.,Louisiana Lottery Corporation Law,https://www.legis.la.gov/legis/Law.aspx?d=101713,Louisiana Lottery Corporation,1990,,https://www.legis.la.gov/legis/Law.aspx?d=101713,2026-05-22,
Louisiana,Commercial casino,La. Rev. Stat. § 27:201 et seq. (riverboat); § 27:241 et seq. (land-based),Louisiana Riverboat Economic Development and Gaming Control Act; Louisiana Economic Development and Gaming Corporation Act,https://law.justia.com/codes/louisiana/revised-statutes/title-27/,Louisiana Gaming Control Board,1991,,https://law.justia.com/codes/louisiana/revised-statutes/title-27/,2026-05-22,Includes riverboat casinos and Harrah's New Orleans land-based casino.
Louisiana,Horse/parimutuel racing,La. Rev. Stat. § 4:141 et seq.,Horse Racing,https://www.legis.la.gov/legis/Laws_Toc.aspx?folder=66&title=4,Louisiana State Racing Commission,1968,,https://www.legis.la.gov/legis/Laws_Toc.aspx?folder=66&title=4,2026-05-22,
Louisiana,Sports betting,La. Rev. Stat. § 27:601 et seq.,Louisiana Sports Wagering Act,https://law.justia.com/codes/louisiana/revised-statutes/title-27/rs-27-602/,Louisiana Gaming Control Board,2021,,https://law.justia.com/codes/louisiana/revised-statutes/title-27/,2026-05-22,
Louisiana,Charitable gaming,La. Rev. Stat. § 4:701 et seq.,"Charitable Raffles, Bingo and Keno Licensing Law",https://www.legis.la.gov/legis/Laws_Toc.aspx?folder=66&title=4,Louisiana Office of Charitable Gaming (Dept. of Revenue),1985,,https://www.legis.la.gov/legis/Laws_Toc.aspx?folder=66&title=4,2026-05-22,
Louisiana,DFS / fantasy sports,La. Rev. Stat. § 27:301 et seq.,Fantasy Sports Contests,https://law.justia.com/codes/louisiana/revised-statutes/title-27/,Louisiana Gaming Control Board,2018,,https://law.justia.com/codes/louisiana/revised-statutes/title-27/,2026-05-22,
Maine,Lottery,"Me. Rev. Stat. tit. 8, § 371 et seq.",State Liquor and Lottery Commission,http://www.mainelegislature.org/legis/statutes/8/title8ch14sec0.html,Maine State Lottery (Dept. of Administrative and Financial Services),1973,,http://www.mainelegislature.org/legis/statutes/8/title8ch14sec0.html,2026-05-22,
Maine,Commercial casino,"Me. Rev. Stat. tit. 8, § 1001 et seq.",Gambling Control Board; casino gaming,http://www.mainelegislature.org/legis/statutes/8/title8ch31sec0.html,Maine Gambling Control Unit (Dept. of Public Safety),2003,,http://www.mainelegislature.org/legis/statutes/8/title8ch31sec0.html,2026-05-22,Two commercial casinos: Hollywood Bangor and Oxford.
Maine,Horse/parimutuel racing,"Me. Rev. Stat. tit. 8, § 261 et seq.",Harness Horse Racing,http://www.mainelegislature.org/legis/statutes/8/title8ch11sec0.html,Maine Harness Racing Commission,1933,,http://www.mainelegislature.org/legis/statutes/8/title8ch11sec0.html,2026-05-22,
Maine,Sports betting,"Me. Rev. Stat. tit. 8, § 1201 et seq.",Sports Wagering,http://www.mainelegislature.org/legis/statutes/8/title8ch33sec0.html,Maine Gambling Control Unit,2022,,http://www.mainelegislature.org/legis/statutes/8/title8ch33sec0.html,2026-05-22,Enacted via LD 585 (2022); launched November 2023.
Maine,Charitable gaming,"Me. Rev. Stat. tit. 17, § 1831 et seq. (beano/bingo); § 1841 et seq. (games of chance)",Beano or Bingo; Games of Chance,http://www.mainelegislature.org/legis/statutes/17/title17ch13-Asec0.html,Maine Gambling Control Unit,1953,,http://www.mainelegislature.org/legis/statutes/17/title17ch13-Asec0.html,2026-05-22,
Maine,DFS / fantasy sports,"Me. Rev. Stat. tit. 8, § 1101 et seq.",Fantasy Contests,http://www.mainelegislature.org/legis/statutes/8/title8ch32sec0.html,Maine Gambling Control Unit,2017,,http://www.mainelegislature.org/legis/statutes/8/title8ch32sec0.html,2026-05-22,
Maryland,Lottery,"Md. Code Ann., State Gov't § 9-101 et seq.",State Lottery (Subtitle 1 of Title 9),https://mgaleg.maryland.gov/mgawebsite/Laws/StatuteText?article=gsg&section=9-101,Maryland Lottery and Gaming Control Agency,1972,,https://mgaleg.maryland.gov/mgawebsite/Laws/StatuteText?article=gsg&section=9-101,2026-05-22,
Maryland,Commercial casino,"Md. Code Ann., State Gov't § 9-1A-01 et seq.",Video Lottery Terminals and Table Games (Subtitle 1A),https://mgaleg.maryland.gov/mgawebsite/Laws/StatuteText?article=gsg&section=9-1A-01,Maryland Lottery and Gaming Control Commission,2008,2012,https://mgaleg.maryland.gov/mgawebsite/Laws/StatuteText?article=gsg&section=9-1A-01,2026-05-22,VLTs authorized 2008 (constitutional amendment); table games added 2012.
Maryland,Horse/parimutuel racing,"Md. Code Ann., Bus. Reg. § 11-101 et seq.",Horse Racing,https://mgaleg.maryland.gov/mgawebsite/Laws/StatuteText?article=gbr&section=11-101,Maryland Racing Commission,1920,,https://mgaleg.maryland.gov/mgawebsite/Laws/StatuteText?article=gbr&section=11-101,2026-05-22,
Maryland,Sports betting,"Md. Code Ann., State Gov't § 9-1E-01 et seq.",Sports Wagering (Subtitle 1E),https://mgaleg.maryland.gov/mgawebsite/Laws/StatuteText?article=gsg&section=9-1E-01,Maryland Lottery and Gaming Control Commission; Sports Wagering Application Review Commission,2021,,https://mgaleg.maryland.gov/mgawebsite/Laws/StatuteText?article=gsg&section=9-1E-01,2026-05-22,Voter-approved 2020 (Question 2); implementing law 2021 (HB 940).
Maryland,Charitable gaming,"Md. Code Ann., Crim. Law § 13-101 et seq.",Gaming for Charitable Purposes (Title 13),https://mgaleg.maryland.gov/mgawebsite/Laws/StatuteText?article=gcr&section=13-101,County-level authorization; Comptroller registration,1948,,https://mgaleg.maryland.gov/mgawebsite/Laws/StatuteText?article=gcr&section=13-101,2026-05-22,Largely regulated at county level.
Maryland,DFS / fantasy sports,"Md. Code Ann., Bus. Reg. § 11.5-101 et seq.",Fantasy Competitions,https://mgaleg.maryland.gov/mgawebsite/Laws/StatuteText?article=gbr&section=11.5-101,Maryland State Lottery and Gaming Control Agency,2012,2017,https://mgaleg.maryland.gov/mgawebsite/Laws/StatuteText?article=gbr&section=11.5-101,2026-05-22,Initial enabling 2012; expanded with regulations 2017.
Massachusetts,Lottery,"Mass. Gen. Laws ch. 10, § 22 et seq.",State Lottery Commission,https://malegislature.gov/Laws/GeneralLaws/PartI/TitleII/Chapter10,Massachusetts State Lottery Commission,1971,,https://malegislature.gov/Laws/GeneralLaws/PartI/TitleII/Chapter10,2026-05-22,
Massachusetts,Commercial casino,Mass. Gen. Laws ch. 23K,Massachusetts Gaming Commission; Expanded Gaming Act,https://malegislature.gov/Laws/GeneralLaws/PartI/TitleII/Chapter23K,Massachusetts Gaming Commission,2011,,https://malegislature.gov/Laws/GeneralLaws/PartI/TitleII/Chapter23K,2026-05-22,Enacted as Expanded Gaming Act.
Massachusetts,Horse/parimutuel racing,Mass. Gen. Laws ch. 128A,Horse and Dog Racing Meetings,https://malegislature.gov/Laws/GeneralLaws/PartI/TitleXIX/Chapter128A,Massachusetts Gaming Commission - Racing Division,1934,,https://malegislature.gov/Laws/GeneralLaws/PartI/TitleXIX/Chapter128A,2026-05-22,
Massachusetts,Sports betting,Mass. Gen. Laws ch. 23N,Authorization and Regulation of Sports Wagering,https://malegislature.gov/Laws/GeneralLaws/PartI/TitleII/Chapter23N,Massachusetts Gaming Commission,2022,,https://malegislature.gov/Laws/SessionLaws/Acts/2022/Chapter173,2026-05-22,Enacted via Chapter 173 of the Acts of 2022.
Massachusetts,Charitable gaming,"Mass. Gen. Laws ch. 271, §§ 7A, 22B; ch. 10, § 38",Beano (bingo) and raffles for charity,https://malegislature.gov/Laws/GeneralLaws/PartIV/TitleI/Chapter271,Massachusetts State Lottery Commission; local licensing authorities,1971,,https://malegislature.gov/Laws/GeneralLaws/PartIV/TitleI/Chapter271,2026-05-22,
Massachusetts,DFS / fantasy sports,"Mass. Gen. Laws ch. 12, § 11M",Fantasy Sports Contest Operators (Attorney General regulations),https://malegislature.gov/Laws/GeneralLaws/PartI/TitleII/Chapter12/Section11M,Massachusetts Attorney General,2016,,https://malegislature.gov/Laws/GeneralLaws/PartI/TitleII/Chapter12/Section11M,2026-05-22,AG regulations promulgated under 940 CMR 34.00.
Michigan,Lottery,Mich. Comp. Laws § 432.1 et seq.,McCauley-Traxler-Law-Bowman-McNeely Lottery Act,http://www.legislature.mi.gov/(S(0))/mileg.aspx?page=getObject&objectName=mcl-Act-239-of-1972,Michigan Lottery (Dept. of Treasury - Bureau of State Lottery),1972,,http://www.legislature.mi.gov/(S(0))/mileg.aspx?page=getObject&objectName=mcl-Act-239-of-1972,2026-05-22,Act 239 of 1972.
Michigan,Commercial casino,Mich. Comp. Laws § 432.201 et seq.,Michigan Gaming Control and Revenue Act,http://www.legislature.mi.gov/(S(0))/mileg.aspx?page=getObject&objectName=mcl-Initiated-Law-1-of-1996,Michigan Gaming Control Board,1996,,http://www.legislature.mi.gov/(S(0))/mileg.aspx?page=getObject&objectName=mcl-Initiated-Law-1-of-1996,2026-05-22,Initiated Law 1 of 1996 (Proposal E).
Michigan,Horse/parimutuel racing,Mich. Comp. Laws § 431.301 et seq.,Horse Racing Law of 1995,http://www.legislature.mi.gov/(S(0))/mileg.aspx?page=getObject&objectName=mcl-Act-279-of-1995,Michigan Gaming Control Board,1995,,http://www.legislature.mi.gov/(S(0))/mileg.aspx?page=getObject&objectName=mcl-Act-279-of-1995,2026-05-22,
Michigan,Sports betting,Mich. Comp. Laws § 432.401 et seq.,Lawful Sports Betting Act,http://www.legislature.mi.gov/(S(0))/mileg.aspx?page=getObject&objectName=mcl-Act-149-of-2019,Michigan Gaming Control Board,2019,,http://www.legislature.mi.gov/(S(0))/mileg.aspx?page=getObject&objectName=mcl-Act-149-of-2019,2026-05-22,Act 149 of 2019.
Michigan,iGaming/online casino,Mich. Comp. Laws § 432.301 et seq.,Lawful Internet Gaming Act,https://law.justia.com/codes/michigan/chapter-432/statute-act-152-of-2019/,Michigan Gaming Control Board,2019,,https://law.justia.com/codes/michigan/chapter-432/statute-act-152-of-2019/,2026-05-22,Act 152 of 2019.
Michigan,Charitable gaming,Mich. Comp. Laws § 432.101 et seq.,Traxler-McCauley-Law-Bowman Bingo Act (Charitable Gaming),http://www.legislature.mi.gov/(S(0))/mileg.aspx?page=getObject&objectName=mcl-Act-382-of-1972,Michigan Lottery - Charitable Gaming Division,1972,,http://www.legislature.mi.gov/(S(0))/mileg.aspx?page=getObject&objectName=mcl-Act-382-of-1972,2026-05-22,Act 382 of 1972.
Michigan,DFS / fantasy sports,Mich. Comp. Laws § 432.501 et seq.,Fantasy Contests Consumer Protection Act,http://www.legislature.mi.gov/(S(0))/mileg.aspx?page=getObject&objectName=mcl-Act-157-of-2019,Michigan Gaming Control Board,2019,,http://www.legislature.mi.gov/(S(0))/mileg.aspx?page=getObject&objectName=mcl-Act-157-of-2019,2026-05-22,Act 157 of 2019.
Minnesota,Lottery,Minn. Stat. ch. 349A,Minnesota State Lottery,https://www.revisor.mn.gov/statutes/cite/349A,Minnesota State Lottery,1989,,https://www.revisor.mn.gov/statutes/cite/349A,2026-05-22,
Minnesota,Horse/parimutuel racing,Minn. Stat. ch. 240,Horse Racing and Pari-Mutuel Betting,https://www.revisor.mn.gov/statutes/cite/240,Minnesota Racing Commission,1983,,https://www.revisor.mn.gov/statutes/cite/240,2026-05-22,
Minnesota,Charitable gaming,Minn. Stat. ch. 349,Lawful Gambling and Gambling Devices,https://www.revisor.mn.gov/statutes/cite/349,Minnesota Gambling Control Board,1976,,https://www.revisor.mn.gov/statutes/cite/349,2026-05-22,"Includes bingo, raffles, pull-tabs, tipboards, paddlewheels."
Minnesota,Commercial casino,NOT FOUND - needs human review,No commercial casinos authorized,,N/A,,,https://www.revisor.mn.gov/statutes/,2026-05-22,All MN casinos are tribal under IGRA compacts; no commercial casino statute.
Mississippi,Lottery,Miss. Code Ann. § 27-115-1 et seq.,Alyce G. Clarke Mississippi Lottery Law,https://law.justia.com/codes/mississippi/title-27/chapter-115/,Mississippi Lottery Corporation,2018,,https://law.justia.com/codes/mississippi/title-27/chapter-115/,2026-05-22,
Mississippi,Commercial casino,Miss. Code Ann. § 75-76-1 et seq.,Mississippi Gaming Control Act,https://law.justia.com/codes/mississippi/title-75/chapter-76/,Mississippi Gaming Commission,1990,,https://law.justia.com/codes/mississippi/title-75/chapter-76/,2026-05-22,
Mississippi,Horse/parimutuel racing,Miss. Code Ann. § 75-77-1 et seq.,Mississippi Horse Racing Commission,https://law.justia.com/codes/mississippi/title-75/chapter-77/,Mississippi Horse Racing Commission (inactive),1986,,https://law.justia.com/codes/mississippi/title-75/chapter-77/,2026-05-22,Commission exists in statute but no licensed tracks operate.
Mississippi,Sports betting,Miss. Code Ann. § 75-76-89 (sports pools provision of Gaming Control Act),Sports Pools (within Mississippi Gaming Control Act),https://law.justia.com/codes/mississippi/title-75/chapter-76/,Mississippi Gaming Commission,2017,2018,https://www.msgamingcommission.com/images/uploads/MGC_sports_and_race_pool_regulations.pdf,2026-05-22,Existing 'sports pool' provision activated post-Murphy (May 2018); on-premises only.
Mississippi,Charitable gaming,Miss. Code Ann. § 97-33-50 et seq.,Charitable Bingo Law,https://law.justia.com/codes/mississippi/title-97/chapter-33/,Mississippi Gaming Commission - Charitable Gaming Division,1989,,https://law.justia.com/codes/mississippi/title-97/chapter-33/,2026-05-22,
Missouri,Lottery,"Mo. Rev. Stat. ch. 313, §§ 313.200-313.351",State Lottery,https://revisor.mo.gov/main/OneChapter.aspx?chapter=313,Missouri State Lottery Commission,1985,,https://revisor.mo.gov/main/OneChapter.aspx?chapter=313,2026-05-22,
Missouri,Commercial casino,Mo. Rev. Stat. § 313.800 et seq.,Excursion Gambling Boats (Riverboat Casinos),https://revisor.mo.gov/main/OneChapter.aspx?chapter=313,Missouri Gaming Commission,1993,,https://revisor.mo.gov/main/OneChapter.aspx?chapter=313,2026-05-22,
Missouri,Horse/parimutuel racing,"Mo. Rev. Stat. ch. 313, §§ 313.500-313.720",Horse Racing,https://revisor.mo.gov/main/OneChapter.aspx?chapter=313,Missouri Horse Racing Commission (inactive),1986,,https://revisor.mo.gov/main/OneChapter.aspx?chapter=313,2026-05-22,Commission exists in statute; no active racetracks.
Missouri,Sports betting,"Mo. Const. art. III, § 39(e) (Amendment 2, 2024); implementing statute pending",Missouri Sports Betting Amendment,https://revisor.mo.gov/main/OneSection.aspx?section=III+++39&bid=70,Missouri Gaming Commission,2024,,https://revisor.mo.gov/main/OneSection.aspx?section=III+++39&bid=70,2026-05-22,Approved by voters Nov 2024 as Amendment 2; launch scheduled for Dec 2025.
Missouri,Charitable gaming,Mo. Rev. Stat. § 313.005 et seq.,Bingo,https://revisor.mo.gov/main/OneChapter.aspx?chapter=313,Missouri Gaming Commission - Charitable Games Division,1981,,https://revisor.mo.gov/main/OneChapter.aspx?chapter=313,2026-05-22,
Montana,Lottery,Mont. Code Ann. § 23-7-101 et seq.,Montana State Lottery,https://leg.mt.gov/bills/mca/title_0230/chapter_0070/parts_index.html,Montana Lottery Commission,1985,,https://leg.mt.gov/bills/mca/title_0230/chapter_0070/parts_index.html,2026-05-22,
Montana,Horse/parimutuel racing,Mont. Code Ann. § 23-4-101 et seq.,Horse Racing,https://leg.mt.gov/bills/mca/title_0230/chapter_0040/parts_index.html,Montana Board of Horse Racing,1965,,https://leg.mt.gov/bills/mca/title_0230/chapter_0040/parts_index.html,2026-05-22,
Montana,Sports betting,Mont. Code Ann. § 23-5-1001 et seq.,Sports Wagering (Part 10 of Gambling chapter),https://leg.mt.gov/bills/mca/title_0230/chapter_0050/parts_index.html,Montana Lottery Commission,2019,,https://leg.mt.gov/bills/mca/title_0230/chapter_0050/parts_index.html,2026-05-22,Sports betting operated through Lottery's 'Sports Bet Montana' kiosks.
Montana,Charitable gaming,Mont. Code Ann. § 23-5-401 et seq.; § 23-5-501 et seq.,Bingo and Raffles; Card Games,https://leg.mt.gov/bills/mca/title_0230/chapter_0050/parts_index.html,Montana Gambling Control Division (Dept. of Justice),1989,,https://leg.mt.gov/bills/mca/title_0230/chapter_0050/parts_index.html,2026-05-22,Montana also licenses live poker and limited video gambling machines.
Montana,DFS / fantasy sports,Mont. Code Ann. § 23-5-801 et seq.,Fantasy Sports,https://leg.mt.gov/bills/mca/title_0230/chapter_0050/parts_index.html,Montana Gambling Control Division,2019,,https://leg.mt.gov/bills/mca/title_0230/chapter_0050/parts_index.html,2026-05-22,
Nebraska,Lottery,Neb. Rev. Stat. § 9-801 et seq.,State Lottery Act,https://nebraskalegislature.gov/laws/browse-chapters.php?chapter=9,Nebraska Lottery (Dept. of Revenue),1992,,https://nebraskalegislature.gov/laws/browse-chapters.php?chapter=9,2026-05-22,
Nebraska,Commercial casino,Neb. Rev. Stat. § 9-1101 et seq.,Nebraska Racetrack Gaming Act,https://nebraskalegislature.gov/laws/browse-chapters.php?chapter=9,Nebraska Racing and Gaming Commission,2020,,https://nebraskalegislature.gov/laws/browse-chapters.php?chapter=9,2026-05-22,"Authorized by voter-approved Initiatives 429, 430, 431 (2020)."
Nebraska,Horse/parimutuel racing,Neb. Rev. Stat. § 2-1201 et seq.,Horseracing,https://nebraskalegislature.gov/laws/browse-chapters.php?chapter=2,Nebraska Racing and Gaming Commission,1935,,https://nebraskalegislature.gov/laws/browse-chapters.php?chapter=2,2026-05-22,
Nebraska,Charitable gaming,Neb. Rev. Stat. § 9-201 et seq. (bingo); § 9-401 et seq. (lottery/raffle for nonprofit); § 9-501 et seq. (pickle cards),Bingo; Nebraska County and City Lottery; Nebraska Pickle Card Lottery,https://nebraskalegislature.gov/laws/browse-chapters.php?chapter=9,Nebraska Department of Revenue - Charitable Gaming Division,1958,,https://nebraskalegislature.gov/laws/browse-chapters.php?chapter=9,2026-05-22,
Nevada,Commercial casino,Nev. Rev. Stat. ch. 463,Licensing and Control of Gaming,https://www.leg.state.nv.us/nrs/nrs-463.html,Nevada Gaming Commission; Nevada Gaming Control Board,1931,,https://www.leg.state.nv.us/nrs/nrs-463.html,2026-05-22,Nevada Gaming Control Act.
Nevada,Horse/parimutuel racing,Nev. Rev. Stat. ch. 466,Horse Racing and Pari-Mutuel Wagering,https://www.leg.state.nv.us/nrs/nrs-466.html,Nevada Gaming Control Board,1949,,https://www.leg.state.nv.us/nrs/nrs-466.html,2026-05-22,
Nevada,Sports betting,"Nev. Rev. Stat. ch. 463 (sports pool/race book provisions, esp. NRS 463.0193-.0197, 463.245)",Sports Pool/Race Book provisions of Nevada Gaming Control Act,https://www.leg.state.nv.us/nrs/nrs-463.html,Nevada Gaming Commission; Nevada Gaming Control Board,1949,,https://www.leg.state.nv.us/nrs/nrs-463.html,2026-05-22,Nevada has authorized sports wagering since 1949 (predating PASPA).
Nevada,Charitable gaming,Nev. Rev. Stat. ch. 462,"Charitable Lotteries (Bingo, Raffles)",https://www.leg.state.nv.us/nrs/nrs-462.html,Nevada Gaming Control Board,1991,,https://www.leg.state.nv.us/nrs/nrs-462.html,2026-05-22,"Nevada has no state lottery (Nev. Const. art. IV, § 24 prohibits)."
Nevada,Lottery,NOT FOUND - needs human review,No state lottery authorized,,N/A,,,https://www.leg.state.nv.us/Const/NvConst.html,2026-05-22,Nevada Constitution Art. IV § 24 prohibits a state lottery.
New Hampshire,Lottery,N.H. Rev. Stat. Ann. § 284:21-a et seq.; ch. 287-A,Sweepstakes Commission; Tri-State Lotto Compact,https://gc.nh.gov/rsa/html/XX/284/284-mrg.htm,New Hampshire Lottery Commission,1963,,https://gc.nh.gov/rsa/html/XX/284/284-mrg.htm,2026-05-22,Oldest U.S. state lottery (1964).
New Hampshire,Horse/parimutuel racing,N.H. Rev. Stat. Ann. ch. 284,Horse and Dog Racing,https://gc.nh.gov/rsa/html/XX/284/284-mrg.htm,New Hampshire Lottery Commission - Racing and Charitable Gaming Division,1933,,https://gc.nh.gov/rsa/html/XX/284/284-mrg.htm,2026-05-22,No active live racing; simulcast and historic horse racing.
New Hampshire,Sports betting,N.H. Rev. Stat. Ann. ch. 287-I,Sports Betting,https://gc.nh.gov/rsa/html/XXIV/287-I/287-I-mrg.htm,New Hampshire Lottery Commission,2019,,https://gc.nh.gov/rsa/html/XXIV/287-I/287-I-mrg.htm,2026-05-22,Enacted via HB 480 (2019).
New Hampshire,Charitable gaming,N.H. Rev. Stat. Ann. ch. 287-A (bingo); ch. 287-D (lucky 7); ch. 287-E (game of chance),Bingo and Lucky 7; Games of Chance,https://gc.nh.gov/rsa/html/XXIV/287-E/287-E-mrg.htm,New Hampshire Lottery Commission - Racing and Charitable Gaming Division,1949,,https://gc.nh.gov/rsa/html/XXIV/287-E/287-E-mrg.htm,2026-05-22,Includes charitable 'historic horse racing' simulcast venues.
New Hampshire,DFS / fantasy sports,N.H. Rev. Stat. Ann. ch. 287-H,Fantasy Sports Contests,https://gc.nh.gov/rsa/html/XXIV/287-H/287-H-mrg.htm,New Hampshire Lottery Commission,2017,,https://gc.nh.gov/rsa/html/XXIV/287-H/287-H-mrg.htm,2026-05-22,
New Jersey,Lottery,N.J.S.A. 5:9-1 et seq.,State Lottery Law,https://law.justia.com/codes/new-jersey/title-5/section-5-9-1/,New Jersey Lottery Commission (Division of State Lottery),1970,,https://law.justia.com/codes/new-jersey/title-5/section-5-9-1/,2026-05-22,
New Jersey,Commercial casino,N.J.S.A. 5:12-1 et seq.,Casino Control Act,https://www.nj.gov/casinos/law/act/,New Jersey Casino Control Commission; Division of Gaming Enforcement,1977,,https://www.nj.gov/casinos/law/act/,2026-05-22,Authorized by 1976 constitutional amendment for Atlantic City only.
New Jersey,Horse/parimutuel racing,N.J.S.A. 5:5-22 et seq.,Racing Commission Act,https://law.justia.com/codes/new-jersey/title-5/,New Jersey Racing Commission,1940,,https://law.justia.com/codes/new-jersey/title-5/,2026-05-22,
New Jersey,Sports betting,N.J.S.A. 5:12A-10 et seq.,Sports Wagering,https://law.justia.com/codes/new-jersey/title-5/section-5-12a-11/,New Jersey Division of Gaming Enforcement,2018,,https://law.justia.com/codes/new-jersey/title-5/section-5-12a-11/,2026-05-22,Enacted post-Murphy v. NCAA (2018); NJ was plaintiff in that case.
New Jersey,iGaming/online casino,N.J.S.A. 5:12-95.17 et seq.,Internet Gaming (within Casino Control Act),https://www.nj.gov/casinos/law/act/,New Jersey Division of Gaming Enforcement,2013,,https://www.nj.gov/casinos/law/act/,2026-05-22,"P.L. 2013, c. 27 amended Casino Control Act to authorize internet gaming."
New Jersey,Charitable gaming,N.J.S.A. 5:8-1 et seq. (Bingo Licensing Law); 5:8-50 et seq. (Raffles Licensing Law),Bingo Licensing Law; Raffles Licensing Law,https://law.justia.com/codes/new-jersey/title-5/,New Jersey Legalized Games of Chance Control Commission,1954,,https://law.justia.com/codes/new-jersey/title-5/,2026-05-22,
New Jersey,DFS / fantasy sports,N.J.S.A. 5:20-1 et seq.,Fantasy Sports Activities Act,https://law.justia.com/codes/new-jersey/title-5/section-5-20-1/,Division of Consumer Affairs - Fantasy Sports Unit,2017,,https://law.justia.com/codes/new-jersey/title-5/section-5-20-1/,2026-05-22,"P.L. 2017, c. 231."
New Mexico,Lottery,N.M. Stat. Ann. § 6-24-1 et seq.,New Mexico Lottery Act,https://nmonesource.com/nmos/nmsa/en/item/4359/index.do,New Mexico Lottery Authority,1995,,https://nmonesource.com/nmos/nmsa/en/item/4359/index.do,2026-05-22,
New Mexico,Commercial casino,N.M. Stat. Ann. § 60-2E-1 et seq.,Gaming Control Act,https://nmonesource.com/nmos/nmsa/en/item/4421/index.do,New Mexico Gaming Control Board,1997,,https://nmonesource.com/nmos/nmsa/en/item/4421/index.do,2026-05-22,Authorizes racetrack casinos (racinos); tribal casinos under IGRA compacts.
New Mexico,Horse/parimutuel racing,N.M. Stat. Ann. § 60-1A-1 et seq.,Horse Racing Act,https://nmonesource.com/nmos/nmsa/en/item/4421/index.do,New Mexico Racing Commission,1933,,https://nmonesource.com/nmos/nmsa/en/item/4421/index.do,2026-05-22,
New Mexico,Charitable gaming,N.M. Stat. Ann. § 60-2F-1 et seq.,Bingo and Raffle Act,https://nmonesource.com/nmos/nmsa/en/item/4421/index.do,New Mexico Gaming Control Board,1981,,https://nmonesource.com/nmos/nmsa/en/item/4421/index.do,2026-05-22,
New Mexico,Sports betting,NOT FOUND - needs human review,No state-authorized sports betting statute; operating only at tribal casinos under compacts,,Tribal Gaming Compacts,,,https://www.nmgcb.org/,2026-05-22,Tribal casinos offer sports betting under existing IGRA compact interpretation; no statewide statute.
New York,Lottery,N.Y. Tax Law art. 34 (§§ 1600-1620),New York State Lottery for Education Law,https://www.nysenate.gov/legislation/laws/TAX/A34,New York State Gaming Commission - Division of the Lottery,1966,,https://www.nysenate.gov/legislation/laws/TAX/A34,2026-05-22,
New York,Commercial casino,N.Y. Rac. Pari-Mut. Wag. & Breed. Law art. 13,Destination Resort Gaming (Upstate New York Gaming Economic Development Act of 2013),https://www.nysenate.gov/legislation/laws/PML/A13,New York State Gaming Commission,2013,,https://www.nysenate.gov/legislation/laws/PML/A13,2026-05-22,Authorized by Article I § 9 constitutional amendment (2013).
New York,Horse/parimutuel racing,"N.Y. Rac. Pari-Mut. Wag. & Breed. Law arts. 2-4, 9","Racing, Pari-Mutuel Wagering and Breeding Law",https://www.nysenate.gov/legislation/laws/PML,New York State Gaming Commission - Division of Horse Racing and Pari-Mutuel Wagering,1926,,https://www.nysenate.gov/legislation/laws/PML,2026-05-22,
New York,Sports betting,N.Y. Rac. Pari-Mut. Wag. & Breed. Law § 1367,Sports Wagering (within Article 13),https://law.justia.com/codes/new-york/pml/article-13/title-8/1367/,New York State Gaming Commission,2013,2021,https://law.justia.com/codes/new-york/pml/article-13/title-8/1367/,2026-05-22,Authorized 2013 (in-person at casinos); mobile authorized 2021 (Part Y of Chapter 59).
New York,Charitable gaming,N.Y. Gen. Mun. Law arts. 9-A (bingo); 14-H (raffles),Bingo Licensing Law; Games of Chance Licensing Law,https://www.nysenate.gov/legislation/laws/GMU/A9-A,New York State Gaming Commission - Division of Charitable Gaming,1957,,https://www.nysenate.gov/legislation/laws/GMU/A9-A,2026-05-22,
New York,DFS / fantasy sports,N.Y. Rac. Pari-Mut. Wag. & Breed. Law art. 14,Interactive Fantasy Sports,https://www.nysenate.gov/legislation/laws/PML/A14,New York State Gaming Commission,2016,,https://www.nysenate.gov/legislation/laws/PML/A14,2026-05-22,
North Carolina,Lottery,N.C. Gen. Stat. § 18C-101 et seq.,North Carolina State Lottery Act,https://www.ncleg.gov/enactedlegislation/statutes/html/bychapter/chapter_18c.html,North Carolina State Lottery Commission,2005,,https://www.ncleg.gov/enactedlegislation/statutes/html/bychapter/chapter_18c.html,2026-05-22,
North Carolina,Horse/parimutuel racing,N.C. Gen. Stat. § 18C-901 et seq.,Pari-Mutuel Wagering on Live Horse Racing (Article 10 of Ch. 18C),https://www.ncleg.gov/enactedlegislation/statutes/html/bychapter/chapter_18c.html,North Carolina State Lottery Commission,2023,,https://www.ncleg.gov/enactedlegislation/statutes/html/bychapter/chapter_18c.html,2026-05-22,"Authorized by HB 347 (2023), Session Law 2023-42."
North Carolina,Sports betting,N.C. Gen. Stat. § 18C-801 et seq.,Sports Wagering (Article 9 of Ch. 18C),https://www.ncleg.gov/enactedlegislation/statutes/html/bychapter/chapter_18c.html,North Carolina State Lottery Commission,2023,,https://www.ncleg.gov/EnactedLegislation/SessionLaws/PDF/2023-2024/SL2023-42.pdf,2026-05-22,"HB 347 (2023), SL 2023-42; launched March 11, 2024."
North Carolina,Charitable gaming,N.C. Gen. Stat. § 14-309.5 et seq.,Bingo and Raffles,https://www.ncleg.gov/enactedlegislation/statutes/html/bychapter/chapter_14.html,North Carolina Department of Public Safety - ALE,1983,,https://www.ncleg.gov/enactedlegislation/statutes/html/bychapter/chapter_14.html,2026-05-22,
North Dakota,Charitable gaming,N.D. Cent. Code ch. 53-06.1,Games of Chance,https://www.ndlegis.gov/cencode/t53c06-1.pdf,North Dakota Office of Attorney General - Gaming Division,1977,,https://www.ndlegis.gov/cencode/t53c06-1.pdf,2026-05-22,
North Dakota,Horse/parimutuel racing,N.D. Cent. Code ch. 53-06.2,Pari-Mutuel Wagering on Horse Racing,https://www.ndlegis.gov/cencode/t53c06-2.pdf,North Dakota Racing Commission,1987,,https://www.ndlegis.gov/cencode/t53c06-2.pdf,2026-05-22,
North Dakota,Sports betting,NOT FOUND - needs human review,Sports betting only at tribal casinos under existing compacts,,Tribal compacts,,,https://www.attorneygeneral.nd.gov/divisions/gaming,2026-05-22,No commercial sports betting statute; tribal casinos offer it under IGRA compacts.
North Dakota,Lottery,N.D. Cent. Code ch. 53-12.1,Lottery,https://www.ndlegis.gov/cencode/t53c12-1.pdf,North Dakota Lottery (Office of Attorney General),2002,,https://www.ndlegis.gov/cencode/t53c12-1.pdf,2026-05-22,"ND participates only in multi-state lottery games (Powerball, Mega Millions, Lotto America, Lucky for Life, 2by2)."
Ohio,Lottery,Ohio Rev. Code ch. 3770,State Lottery Commission,https://codes.ohio.gov/ohio-revised-code/chapter-3770,Ohio Lottery Commission,1973,,https://codes.ohio.gov/ohio-revised-code/chapter-3770,2026-05-22,
Ohio,Commercial casino,Ohio Rev. Code ch. 3772,Casino Control Commission,https://codes.ohio.gov/ohio-revised-code/chapter-3772,Ohio Casino Control Commission,2009,,https://codes.ohio.gov/ohio-revised-code/chapter-3772,2026-05-22,Authorized by 2009 constitutional amendment (Issue 3).
Ohio,Horse/parimutuel racing,Ohio Rev. Code ch. 3769,Horse Racing,https://codes.ohio.gov/ohio-revised-code/chapter-3769,Ohio State Racing Commission,1933,,https://codes.ohio.gov/ohio-revised-code/chapter-3769,2026-05-22,Racinos (VLTs at tracks) regulated by Lottery Commission.
Ohio,Sports betting,Ohio Rev. Code ch. 3775,Sports Gaming,https://codes.ohio.gov/ohio-revised-code/chapter-3775,Ohio Casino Control Commission,2021,,https://codes.ohio.gov/ohio-revised-code/chapter-3775,2026-05-22,"Enacted via HB 29 (2021); launched January 1, 2023."
Ohio,Charitable gaming,Ohio Rev. Code ch. 2915,"Gambling (charitable bingo, instant bingo, raffles)",https://codes.ohio.gov/ohio-revised-code/chapter-2915,Ohio Attorney General - Charitable Law Section,1975,,https://codes.ohio.gov/ohio-revised-code/chapter-2915,2026-05-22,
Ohio,DFS / fantasy sports,Ohio Rev. Code ch. 3774,Fantasy Contests,https://codes.ohio.gov/ohio-revised-code/chapter-3774,Ohio Casino Control Commission,2017,,https://codes.ohio.gov/ohio-revised-code/chapter-3774,2026-05-22,
Oklahoma,Lottery,"Okla. Stat. tit. 3A, § 701 et seq.",Oklahoma Education Lottery Act,https://law.justia.com/codes/oklahoma/title-3a/,Oklahoma Lottery Commission,2003,,https://law.justia.com/codes/oklahoma/title-3a/,2026-05-22,
Oklahoma,Commercial casino,"Okla. Stat. tit. 3A, § 261 et seq. (State-Tribal Compacts); tit. 3A, § 200.1 et seq. (racetrack gaming)",State-Tribal Gaming Act; Oklahoma Horse Racing Act provisions for gaming machines,https://law.justia.com/codes/oklahoma/title-3a/,Oklahoma Horse Racing Commission; tribal gaming commissions,2004,,https://law.justia.com/codes/oklahoma/title-3a/,2026-05-22,Casinos in OK are tribal under State-Tribal Compacts (Question 712 of 2004); racinos at horse tracks.
Oklahoma,Horse/parimutuel racing,"Okla. Stat. tit. 3A, § 200.1 et seq.",Oklahoma Horse Racing Act,https://law.justia.com/codes/oklahoma/title-3a/,Oklahoma Horse Racing Commission,1983,,https://law.justia.com/codes/oklahoma/title-3a/,2026-05-22,
Oklahoma,Charitable gaming,"Okla. Stat. tit. 3A, § 401 et seq.",Oklahoma Charity Games Act,https://law.justia.com/codes/oklahoma/title-3a/,Oklahoma Alcoholic Beverage Laws Enforcement Commission,1992,,https://law.justia.com/codes/oklahoma/title-3a/,2026-05-22,
Oregon,Lottery,Or. Rev. Stat. ch. 461,State Lottery,https://oregon.public.law/statutes/ors_chapter_461,Oregon State Lottery Commission,1984,,https://oregon.public.law/statutes/ors_chapter_461,2026-05-22,
Oregon,Horse/parimutuel racing,Or. Rev. Stat. ch. 462,Racing,https://oregon.public.law/statutes/ors_chapter_462,Oregon Racing Commission,1933,,https://oregon.public.law/statutes/ors_chapter_462,2026-05-22,
Oregon,Sports betting,Or. Rev. Stat. ch. 461 (Lottery 'Scoreboard' product); no separate sports wagering chapter,Sports wagering operated under State Lottery authority,https://oregon.public.law/statutes/ors_chapter_461,Oregon State Lottery,2019,,https://oregon.public.law/statutes/ors_chapter_461,2026-05-22,Oregon Lottery launched Scoreboard sports betting Oct 2019 under existing lottery authority (no new statute).
Oregon,Charitable gaming,Or. Rev. Stat. ch. 464,"Bingo, Lotto, Raffle Games and Monte Carlo Events",https://oregon.public.law/statutes/ors_chapter_464,Oregon Department of Justice - Charitable Activities Section,1977,,https://oregon.public.law/statutes/ors_chapter_464,2026-05-22,
Pennsylvania,Lottery,72 Pa. Stat. § 3761-101 et seq.,State Lottery Law,https://www.legis.state.pa.us/cfdocs/Legis/LI/uconsCheck.cfm?txtType=HTM&yr=1971&sessInd=0&smthLwInd=0&act=91,Pennsylvania Lottery (Dept. of Revenue),1971,,https://www.legis.state.pa.us/cfdocs/Legis/LI/uconsCheck.cfm?txtType=HTM&yr=1971&sessInd=0&smthLwInd=0&act=91,2026-05-22,Act 91 of 1971.
Pennsylvania,Commercial casino,4 Pa.C.S. § 1101 et seq.,Pennsylvania Race Horse Development and Gaming Act,https://www.legis.state.pa.us/wu01/li/li/ct/htm/04/04.htm,Pennsylvania Gaming Control Board,2004,2010,https://www.legis.state.pa.us/wu01/li/li/ct/htm/04/04.htm,2026-05-22,Act 71 of 2004; expanded to table games by Act 1 of 2010.
Pennsylvania,Horse/parimutuel racing,3 Pa.C.S. § 9301 et seq.,Race Horse Industry Reform Act,https://www.legis.state.pa.us/cfdocs/legis/LI/consCheck.cfm?txtType=HTM&ttl=03&div=0&chpt=93,Pennsylvania State Horse Racing Commission,1981,2016,https://www.legis.state.pa.us/cfdocs/legis/LI/consCheck.cfm?txtType=HTM&ttl=03&div=0&chpt=93,2026-05-22,Updated by Act 7 of 2016.
Pennsylvania,Sports betting,4 Pa.C.S. ch. 13C (§ 13C01 et seq.),Sports Wagering,https://www.legis.state.pa.us/wu01/li/li/ct/htm/04/04.htm,Pennsylvania Gaming Control Board,2017,,https://www.legis.state.pa.us/wu01/li/li/ct/htm/04/04.htm,2026-05-22,Act 42 of 2017.
Pennsylvania,iGaming/online casino,4 Pa.C.S. ch. 13B (§ 13B01 et seq.),Interactive Gaming,https://www.legis.state.pa.us/wu01/li/li/ct/htm/04/04.htm,Pennsylvania Gaming Control Board,2017,,https://www.legis.state.pa.us/wu01/li/li/ct/htm/04/04.htm,2026-05-22,Act 42 of 2017.
Pennsylvania,Charitable gaming,10 P.S. § 328.101 et seq.,Local Option Small Games of Chance Act,https://www.legis.state.pa.us/cfdocs/legis/LI/uconsCheck.cfm?txtType=HTM&yr=1988&sessInd=0&smthLwInd=0&act=156,Pennsylvania Department of Revenue,1988,,https://www.legis.state.pa.us/cfdocs/legis/LI/uconsCheck.cfm?txtType=HTM&yr=1988&sessInd=0&smthLwInd=0&act=156,2026-05-22,Bingo separately licensed under Bingo Law (10 P.S. § 301 et seq.).
Pennsylvania,DFS / fantasy sports,4 Pa.C.S. ch. 3 (§ 301 et seq.),Fantasy Contests,https://www.legis.state.pa.us/wu01/li/li/ct/htm/04/04.htm,Pennsylvania Gaming Control Board,2017,,https://www.legis.state.pa.us/wu01/li/li/ct/htm/04/04.htm,2026-05-22,Act 42 of 2017.
Rhode Island,Lottery,R.I. Gen. Laws § 42-61-1 et seq.,State Lottery,http://webserver.rilegislature.gov/Statutes/TITLE42/42-61/INDEX.htm,Rhode Island Lottery (Division of State Lottery),1974,,http://webserver.rilegislature.gov/Statutes/TITLE42/42-61/INDEX.htm,2026-05-22,
Rhode Island,Commercial casino,R.I. Gen. Laws § 42-61.2-1 et seq.,"Video Lottery Games, Table Games and Sports Wagering",https://law.justia.com/codes/rhode-island/title-42/chapter-42-61-2/,Rhode Island Lottery; Department of Business Regulation,1992,2016,https://law.justia.com/codes/rhode-island/title-42/chapter-42-61-2/,2026-05-22,Casino gaming (table games) authorized 2016 via constitutional amendment.
Rhode Island,Horse/parimutuel racing,R.I. Gen. Laws § 41-3-1 et seq.,Horse Racing and Pari-Mutuel Wagering,http://webserver.rilegislature.gov/Statutes/TITLE41/41-3/INDEX.htm,Rhode Island Division of Gaming and Athletics Licensing,1934,,http://webserver.rilegislature.gov/Statutes/TITLE41/41-3/INDEX.htm,2026-05-22,Live thoroughbred racing ended 1978; harness racing ended 2009.
Rhode Island,Sports betting,R.I. Gen. Laws § 42-61.2-1 et seq.,Sports Wagering (within Video Lottery/Table Games/Sports Wagering chapter),https://law.justia.com/codes/rhode-island/title-42/chapter-42-61-2/,Rhode Island Lottery; Department of Business Regulation,2018,,https://law.justia.com/codes/rhode-island/title-42/chapter-42-61-2/,2026-05-22,Authorized post-Murphy via 2018 budget act.
Rhode Island,iGaming/online casino,R.I. Gen. Laws § 42-61.2-2.1; § 42-61.2-3.4,iGaming regulation (within Ch. 42-61.2),https://law.justia.com/codes/rhode-island/title-42/chapter-42-61-2/section-42-61-2-3-4/,Rhode Island Lottery; Department of Business Regulation,2023,,https://law.justia.com/codes/rhode-island/title-42/chapter-42-61-2/section-42-61-2-3-4/,2026-05-22,"SB 948 (2023); launched March 5, 2024 via Bally's exclusive contract."
Rhode Island,Charitable gaming,R.I. Gen. Laws § 11-19-30 et seq.,Charitable Bingo; Lotteries and Pools,http://webserver.rilegislature.gov/Statutes/TITLE11/11-19/INDEX.htm,Rhode Island Department of Business Regulation,1956,,http://webserver.rilegislature.gov/Statutes/TITLE11/11-19/INDEX.htm,2026-05-22,
South Carolina,Lottery,S.C. Code Ann. § 59-150-10 et seq.,South Carolina Education Lottery Act,https://www.scstatehouse.gov/code/t59c150.php,South Carolina Education Lottery Commission,2001,,https://www.scstatehouse.gov/code/t59c150.php,2026-05-22,
South Carolina,Charitable gaming,S.C. Code Ann. § 33-57-100 et seq. (raffles); § 12-21-3920 et seq. (bingo),Nonprofit Raffles for Charitable Purposes; Charitable Bingo,https://www.scstatehouse.gov/code/t33c057.php,South Carolina Department of Revenue (bingo); Secretary of State (raffles),2013,,https://www.scstatehouse.gov/code/t33c057.php,2026-05-22,Charitable raffles authorized by 2013 constitutional amendment.
South Dakota,Lottery,S.D. Codified Laws ch. 42-7A,South Dakota Lottery,https://sdlegislature.gov/Statutes/42-7A,South Dakota Lottery Commission,1986,,https://sdlegislature.gov/Statutes/42-7A,2026-05-22,
South Dakota,Commercial casino,S.D. Codified Laws ch. 42-7B,"Limited Card Games, Slot Machines, Craps, Roulette, And Keno",https://sdlegislature.gov/Statutes/42-7B,South Dakota Commission on Gaming,1989,,https://sdlegislature.gov/Statutes/42-7B,2026-05-22,Limited to Deadwood (and tribal casinos under IGRA).
South Dakota,Horse/parimutuel racing,S.D. Codified Laws ch. 42-7,Horse Racing,https://sdlegislature.gov/Statutes/42-7,South Dakota Commission on Gaming,1949,,https://sdlegislature.gov/Statutes/42-7,2026-05-22,
South Dakota,Sports betting,"S.D. Codified Laws § 42-7B-1, § 42-7B-4 (sports wagering provisions)",Sports Wagering (within Deadwood Limited Gaming chapter),https://law.justia.com/codes/south-dakota/title-42/chapter-07b/section-42-7b-1/,South Dakota Commission on Gaming,2021,,https://law.justia.com/codes/south-dakota/title-42/chapter-07b/section-42-7b-1/,2026-05-22,Authorized by 2020 Constitutional Amendment B; restricted to Deadwood and tribal casinos.
South Dakota,Charitable gaming,S.D. Codified Laws ch. 22-25,"Gambling (statewide prohibition with exceptions for bingo, raffles)",https://sdlegislature.gov/Statutes/22-25,Local authorization; no central charitable gaming agency,1939,,https://sdlegislature.gov/Statutes/22-25,2026-05-22,
Tennessee,Lottery,Tenn. Code Ann. § 4-51-101 et seq.,Tennessee Education Lottery Implementation Law,https://law.justia.com/codes/tennessee/title-4/chapter-51/,Tennessee Education Lottery Corporation,2003,,https://law.justia.com/codes/tennessee/title-4/chapter-51/,2026-05-22,
Tennessee,Sports betting,Tenn. Code Ann. § 4-49-101 et seq.,Tennessee Sports Gaming Act,https://law.justia.com/codes/tennessee/title-4/chapter-49/part-1/section-4-49-101/,Tennessee Sports Wagering Council,2019,2021,https://law.justia.com/codes/tennessee/title-4/chapter-49/part-1/section-4-49-101/,2026-05-22,"Online-only model; renumbered from § 4-51-301 to § 4-49-101 effective Jan 1, 2022. Council made independent agency 2021."
Tennessee,Charitable gaming,Tenn. Code Ann. § 3-17-101 et seq.,Tennessee Charitable Gaming Implementation Law,https://law.justia.com/codes/tennessee/title-3/chapter-17/,Tennessee Secretary of State - Division of Charitable Solicitations and Gaming,2003,,https://law.justia.com/codes/tennessee/title-3/chapter-17/,2026-05-22,TN constitution requires legislature to authorize each event individually except for 501(c)(3) annual events.
Texas,Lottery,Tex. Gov't Code ch. 466,State Lottery Act,https://statutes.capitol.texas.gov/docs/GV/htm/GV.466.htm,Texas Lottery Commission,1991,,https://statutes.capitol.texas.gov/docs/GV/htm/GV.466.htm,2026-05-22,
Texas,Horse/parimutuel racing,Tex. Occ. Code ch. 2021-2034 (Texas Racing Act),Texas Racing Act,https://statutes.capitol.texas.gov/Docs/OC/htm/OC.2021.htm,Texas Racing Commission,1986,2019,https://statutes.capitol.texas.gov/Docs/OC/htm/OC.2021.htm,2026-05-22,Originally Art. 179e Vernon's Civil Statutes; recodified to Occ. Code in 2019.
Texas,Charitable gaming,Tex. Occ. Code ch. 2001 (bingo); ch. 2002 (raffles),Bingo Enabling Act; Charitable Raffle Enabling Act,https://statutes.capitol.texas.gov/Docs/OC/htm/OC.2001.htm,Texas Lottery Commission - Charitable Bingo Operations Division,1981,,https://statutes.capitol.texas.gov/Docs/OC/htm/OC.2001.htm,2026-05-22,
Utah,Charitable gaming,NOT FOUND - needs human review,All gambling prohibited,,N/A,,,https://le.utah.gov/xcode/Title76/Chapter10/76-10-P11.html,2026-05-22,"Utah Code Title 76, Chapter 10, Part 11 (§§ 76-10-1101 et seq.) criminalizes all gambling. No lottery, casino, parimutuel, sports betting, or charitable bingo authorized."
Vermont,Lottery,"Vt. Stat. Ann. tit. 31, ch. 14",State Lottery,https://legislature.vermont.gov/statutes/chapter/31/014,Vermont Department of Liquor and Lottery,1977,,https://legislature.vermont.gov/statutes/chapter/31/014,2026-05-22,
Vermont,Sports betting,"Vt. Stat. Ann. tit. 31, ch. 25",Sports Wagering,https://legislature.vermont.gov/statutes/fullchapter/31/025,Vermont Department of Liquor and Lottery,2023,,https://legislature.vermont.gov/Documents/2024/Docs/ACTS/ACT063/ACT063%20As%20Enacted.pdf,2026-05-22,"Act 63 of 2023; launched January 11, 2024."
Vermont,Charitable gaming,"Vt. Stat. Ann. tit. 13, ch. 51 (gambling), §§ 2143-2143b (charitable exceptions)",Gambling and Lotteries (charitable exceptions for raffles/bingo),https://legislature.vermont.gov/statutes/chapter/13/051,Vermont Department of Liquor and Lottery (charitable gaming registration),1971,,https://legislature.vermont.gov/statutes/chapter/13/051,2026-05-22,"Vermont has limited charitable gaming; no commercial casinos, no horse racing."
Vermont,DFS / fantasy sports,"Vt. Stat. Ann. tit. 13, § 2143b",Fantasy sports contests,https://legislature.vermont.gov/statutes/section/13/051/02143b,Vermont Attorney General,2017,,https://legislature.vermont.gov/statutes/section/13/051/02143b,2026-05-22,
Virginia,Lottery,Va. Code Ann. § 58.1-4000 et seq.,Virginia Lottery Law (Chapter 40 of Title 58.1),https://law.lis.virginia.gov/vacodefull/title58.1/chapter40/,Virginia Lottery,1987,,https://law.lis.virginia.gov/vacodefull/title58.1/chapter40/,2026-05-22,
Virginia,Commercial casino,Va. Code Ann. § 58.1-4100 et seq.,Casino Gaming (Chapter 41 of Title 58.1),https://law.lis.virginia.gov/vacodefull/title58.1/chapter41/,Virginia Lottery Board,2020,,https://law.lis.virginia.gov/vacodefull/title58.1/chapter41/,2026-05-22,Authorized in five host cities subject to local referendum.
Virginia,Horse/parimutuel racing,Va. Code Ann. § 59.1-364 et seq.,Horse Racing and Pari-Mutuel Wagering,https://law.lis.virginia.gov/vacodefull/title59.1/chapter29/,Virginia Racing Commission,1988,,https://law.lis.virginia.gov/vacodefull/title59.1/chapter29/,2026-05-22,Includes historical horse racing.
Virginia,Sports betting,Va. Code Ann. § 58.1-4030 et seq. (Article 2 of Chapter 40),Sports Betting,https://law.lis.virginia.gov/vacodefull/title58.1/chapter40/article2/,Virginia Lottery Board,2020,,https://law.lis.virginia.gov/vacodefull/title58.1/chapter40/article2/,2026-05-22,
Virginia,Charitable gaming,Va. Code Ann. § 18.2-340.15 et seq.,Charitable Gaming Law,https://law.lis.virginia.gov/vacodefull/title18.2/chapter8/article1.1:1/,Virginia Department of Agriculture and Consumer Services - Charitable Gaming,1995,,https://law.lis.virginia.gov/vacodefull/title18.2/chapter8/article1.1:1/,2026-05-22,
Virginia,DFS / fantasy sports,Va. Code Ann. § 59.1-556 et seq.,Fantasy Contests Act,https://law.lis.virginia.gov/vacodefull/title59.1/chapter51/,Virginia Department of Agriculture and Consumer Services,2016,,https://law.lis.virginia.gov/vacodefull/title59.1/chapter51/,2026-05-22,
Washington,Lottery,Wash. Rev. Code ch. 67.70,State Lottery,https://app.leg.wa.gov/RCW/default.aspx?cite=67.70,Washington's Lottery (Lottery Commission),1982,,https://app.leg.wa.gov/RCW/default.aspx?cite=67.70,2026-05-22,
Washington,Horse/parimutuel racing,Wash. Rev. Code ch. 67.16,Horse Racing,https://app.leg.wa.gov/RCW/default.aspx?cite=67.16,Washington Horse Racing Commission,1933,,https://app.leg.wa.gov/RCW/default.aspx?cite=67.16,2026-05-22,
Washington,Sports betting,Wash. Rev. Code ch. 9.46 (sports wagering provisions added 2020),Sports wagering (within Gambling chapter); authorized only at tribal casinos,https://app.leg.wa.gov/RCW/default.aspx?cite=9.46,Washington State Gambling Commission,2020,,https://app.leg.wa.gov/RCW/default.aspx?cite=9.46,2026-05-22,Enacted via HB 2638 (2020); on-premises only at tribal casinos under compact amendments.
Washington,Charitable gaming,Wash. Rev. Code ch. 9.46,"Gambling -- Bingo, raffles, amusement games, fund raising events",https://app.leg.wa.gov/RCW/default.aspx?cite=9.46,Washington State Gambling Commission,1973,,https://app.leg.wa.gov/RCW/default.aspx?cite=9.46,2026-05-22,"Omnibus Ch. 9.46 covers commercial card rooms, charitable gaming, and sports wagering."
West Virginia,Lottery,"W. Va. Code ch. 29, art. 22 (§§ 29-22-1 et seq.)",State Lottery Act,https://code.wvlegislature.gov/29-22/,West Virginia Lottery,1985,,https://code.wvlegislature.gov/29-22/,2026-05-22,
West Virginia,Commercial casino,"W. Va. Code ch. 29, art. 22A (racetrack video lottery); art. 22C (limited gaming at historic resort)",Racetrack Video Lottery Act; Limited Video Lottery Act; Historic Resort Hotel Gaming,https://code.wvlegislature.gov/29-22A/,West Virginia Lottery,1994,2009,https://code.wvlegislature.gov/29-22A/,2026-05-22,"Casino gaming at racetracks (1994 VLT, 2007 table games) and Greenbrier (2009)."
West Virginia,Horse/parimutuel racing,"W. Va. Code ch. 19, art. 23 (§§ 19-23-1 et seq.)",Horse and Dog Racing,https://code.wvlegislature.gov/19-23/,West Virginia Racing Commission,1933,,https://code.wvlegislature.gov/19-23/,2026-05-22,
West Virginia,Sports betting,"W. Va. Code ch. 29, art. 22D (§§ 29-22D-1 et seq.)",West Virginia Lottery Sports Wagering Act,https://code.wvlegislature.gov/29-22D/,West Virginia Lottery,2018,,https://code.wvlegislature.gov/29-22D/,2026-05-22,Enacted SB 415 (2018).
West Virginia,iGaming/online casino,"W. Va. Code ch. 29, art. 22E (§§ 29-22E-1 et seq.)",West Virginia Lottery Interactive Wagering Act,https://code.wvlegislature.gov/29-22E/,West Virginia Lottery,2019,,https://code.wvlegislature.gov/29-22E/,2026-05-22,Enacted HB 2934 (2019).
West Virginia,Charitable gaming,"W. Va. Code ch. 47, art. 20 (bingo); art. 21 (raffles)",Charitable Bingo Act; Charitable Raffle Boards and Games Act,https://code.wvlegislature.gov/47-20/,West Virginia State Tax Department,1981,,https://code.wvlegislature.gov/47-20/,2026-05-22,
Wisconsin,Lottery,Wis. Stat. ch. 565,State Lottery,https://docs.legis.wisconsin.gov/statutes/statutes/565,Wisconsin Lottery (Dept. of Revenue),1987,,https://docs.legis.wisconsin.gov/statutes/statutes/565,2026-05-22,
Wisconsin,Horse/parimutuel racing,Wis. Stat. ch. 562,Racing and On-Track Pari-Mutuel Wagering,https://docs.legis.wisconsin.gov/statutes/statutes/562,Wisconsin Department of Administration - Division of Gaming,1987,,https://docs.legis.wisconsin.gov/statutes/statutes/562,2026-05-22,Live racing essentially defunct; statute remains.
Wisconsin,Charitable gaming,Wis. Stat. ch. 563,Bingo and Raffle Control,https://docs.legis.wisconsin.gov/statutes/statutes/563,Wisconsin Department of Administration - Division of Gaming,1973,,https://docs.legis.wisconsin.gov/statutes/statutes/563,2026-05-22,
Wisconsin,Commercial casino,NOT FOUND - needs human review,No commercial casinos authorized; all casinos are tribal,,Tribal compacts,,,https://doa.wi.gov/Pages/AboutDOA/IndianGaming.aspx,2026-05-22,All Wisconsin casinos are tribal under IGRA compacts; no commercial casino statute.
Wisconsin,Sports betting,NOT FOUND - needs human review,Sports betting offered only at tribal casinos under compact amendments,,Tribal compacts,,,https://doa.wi.gov/Pages/AboutDOA/IndianGaming.aspx,2026-05-22,Oneida and others added sports betting via 2021 compact amendments; no commercial sports betting statute.
Wyoming,Lottery,Wyo. Stat. Ann. § 9-17-101 et seq.,Wyoming Lottery Corporation Act,https://wyoleg.gov/statutes/compress/title09.pdf,WyoLotto (Wyoming Lottery Corporation),2013,,https://wyoleg.gov/statutes/compress/title09.pdf,2026-05-22,
Wyoming,Horse/parimutuel racing,Wyo. Stat. Ann. § 11-25-101 et seq.,Pari-Mutuel Wagering,https://wyoleg.gov/statutes/compress/title11.pdf,Wyoming Gaming Commission (formerly Pari-Mutuel Commission),1967,2020,https://wyoleg.gov/statutes/compress/title11.pdf,2026-05-22,Includes historic horse racing terminals.
Wyoming,Sports betting,Wyo. Stat. Ann. § 9-24-101 et seq.,Online Sports Wagering,https://law.justia.com/codes/wyoming/title-9/chapter-24/article-1/,Wyoming Gaming Commission,2021,,https://law.justia.com/codes/wyoming/title-9/chapter-24/article-1/,2026-05-22,Enacted via HB 133 (2021); online-only model.
Wyoming,Charitable gaming,Wyo. Stat. Ann. § 6-7-101 et seq.,"Gambling (with charitable bingo, raffle, calcutta exceptions)",https://wyoleg.gov/statutes/compress/title06.pdf,Wyoming Gaming Commission,1977,,https://wyoleg.gov/statutes/compress/title06.pdf,2026-05-22,
Puerto Rico,Lottery,"P.R. Laws Ann. tit. 15, § 401 et seq. (Traditional Lottery); tit. 15, § 1311 et seq. (Electronic Lottery)",Puerto Rico Traditional Lottery Act; Additional Lottery System Act (Loteria Electronica),https://www.lexjuris.com/lexlex/leyes/lexlotaddl.htm,Puerto Rico Department of Treasury (Hacienda),1934,1989,https://www.lexjuris.com/lexlex/leyes/lexlotaddl.htm,2026-05-22,"Two PR lotteries: Traditional (1934) and Electronic (Loteria Electronica, 1989)."
Puerto Rico,Commercial casino,"P.R. Laws Ann. tit. 15, § 71 et seq. (Act No. 221 of 1948 - Games of Chance Act)","Games of Chance Act (Act No. 221 of May 15, 1948, as amended)",https://bvirtualogp.pr.gov/ogp/Bvirtual/leyesreferencia/PDF/2-ingles/11-1933.pdf,Puerto Rico Tourism Company - Gaming Division,1948,,https://bvirtualogp.pr.gov/ogp/Bvirtual/leyesreferencia/PDF/2-ingles/11-1933.pdf,2026-05-22,Casinos restricted to tourist hotels; regulated by PR Tourism Company.
Puerto Rico,Horse/parimutuel racing,"P.R. Laws Ann. tit. 15, § 198 et seq. (Act No. 83 of 1955 - Horse Racing Industry Act)",Horse Racing Industry and Sport Act,https://bvirtualogp.pr.gov/ogp/Bvirtual/leyesreferencia/PDF/B-Industria%20de%20Carreras%20de%20Caballos/83-1955.pdf,Puerto Rico Gaming Commission (Comision de Juegos),1955,2019,https://bvirtualogp.pr.gov/ogp/Bvirtual/leyesreferencia/PDF/B-Industria%20de%20Carreras%20de%20Caballos/83-1955.pdf,2026-05-22,Camarero Racetrack is sole licensed track.
Puerto Rico,Sports betting,Act No. 81-2019 (Puerto Rico Gaming Commission Act); Act No. 257-2018 (Sports Betting),Puerto Rico Gaming Commission Act; Sports Betting and eSports Act,https://www.lexjuris.com/lexlex/Leyes2019/lexl2019081.htm,Puerto Rico Gaming Commission,2019,,https://www.lexjuris.com/lexlex/Leyes2019/lexl2019081.htm,2026-05-22,Sports betting and DFS authorized by Act 81-2019; consolidated gaming under new Commission.
Puerto Rico,Charitable gaming,NOT FOUND - needs human review,Charitable gaming not separately statutorily framed,,N/A,,,https://www.lexjuris.com/,2026-05-22,PR has no comprehensive charitable bingo/raffle statute analogous to US states; ad hoc authorizations.
Virgin Islands,Lottery,"V.I. Code Ann. tit. 32, ch. 11 (§§ 241-265)",Virgin Islands Lottery,https://law.justia.com/codes/virgin-islands/title-32/chapter-11/,Virgin Islands Lottery,1937,,https://law.justia.com/codes/virgin-islands/title-32/chapter-11/,2026-05-22,
Virgin Islands,Commercial casino,"V.I. Code Ann. tit. 32, ch. 21 (§§ 401-630)",Virgin Islands Casino and Resort Control Act of 1995,https://law.justia.com/codes/virgin-islands/title-32/chapter-21/,Virgin Islands Casino Control Commission; Division of Gaming Enforcement,1995,,https://law.justia.com/codes/virgin-islands/title-32/chapter-21/,2026-05-22,Casinos authorized on St. Croix only.
Virgin Islands,Horse/parimutuel racing,"V.I. Code Ann. tit. 32, ch. 9 (§§ 191-209)",Virgin Islands Horse Racing,https://law.justia.com/codes/virgin-islands/title-32/chapter-9/,Virgin Islands Racing Commission,1957,,https://law.justia.com/codes/virgin-islands/title-32/chapter-9/,2026-05-22,
Virgin Islands,iGaming/online casino,"V.I. Code Ann. tit. 32, ch. 21, art. XIV (Virgin Islands Internet Gaming and Internet Gambling Act)",Virgin Islands Internet Gaming and Internet Gambling Act,https://law.justia.com/codes/virgin-islands/2019/title-32/chapter-21/article-xiv/,Virgin Islands Casino Control Commission,2001,,https://law.justia.com/codes/virgin-islands/2019/title-32/chapter-21/article-xiv/,2026-05-22,Statutory framework exists; implementation history limited.
Guam,Lottery,10 Guam Code Ann. § 6101 et seq.,Guam Educational Lottery and Public School Bus System Act,https://www.guamcourts.gov/CompilerofLaws/GCA/10gca/10gc060.PDF,Guam Department of Revenue and Taxation,1972,,https://www.guamcourts.gov/CompilerofLaws/GCA/10gca/10gc060.PDF,2026-05-22,
Guam,Charitable gaming,9 Guam Code Ann. § 64.10 et seq.; 11 Guam Code Ann. ch. 5,Gambling (with charitable exceptions); Gaming Activities,https://law.justia.com/codes/guam/title-9/chapter-64/,Guam Department of Revenue and Taxation,1953,,https://law.justia.com/codes/guam/title-9/chapter-64/,2026-05-22,"Guam permits bingo, raffles, and limited gaming at hotels for designated events."
Guam,Horse/parimutuel racing,11 Guam Code Ann. ch. 5,Gaming Activities (includes off-track betting),https://law.justia.com/codes/guam/title-11/division-1/chapter-5/,Guam Department of Revenue and Taxation,1986,,https://law.justia.com/codes/guam/title-11/division-1/chapter-5/,2026-05-22,Off-track betting on horse racing authorized.
Northern Mariana Islands,Lottery,4 N. Mar. I. Code § 50101 et seq. (P.L. 3-60),CNMI Lottery Commission Act,https://cnmilaw.org/pl03.php,Commonwealth Lottery Commission,1983,,https://cnmilaw.org/pl03.php,2026-05-22,
Northern Mariana Islands,Commercial casino,P.L. 18-56 (Saipan Casino Act),Saipan Casino Act of 2014,https://cnmilaw.org/pdf/public_laws/18/pl18-56.pdf,Commonwealth Casino Commission,2014,,https://cnmilaw.org/pdf/public_laws/18/pl18-56.pdf,2026-05-22,Authorizes a single integrated casino on Saipan. Casino Commission under threat of abolition (2025 legislative debate).
American Samoa,Charitable gaming,"Am. Samoa Code Ann. tit. 46, ch. 43 (§§ 46.4301 et seq.)",Gambling (prohibits gambling; allows occasional bingo/raffles for charity),https://asbar.org/section/title-46-criminal-justice/chapter-43-gambling/,American Samoa Attorney General; local authorization,,,https://asbar.org/section/title-46-criminal-justice/chapter-43-gambling/,2026-05-22,"American Samoa prohibits gambling except occasional charitable bingo/raffles. No lottery, casino, parimutuel, or sports betting."
Federal,Commercial casino,25 U.S.C. §§ 2701-2721,Indian Gaming Regulatory Act (IGRA),https://www.law.cornell.edu/uscode/text/25/chapter-29,National Indian Gaming Commission (NIGC); tribal gaming commissions; state compacts for Class III,1988,,https://www.law.cornell.edu/uscode/text/25/chapter-29,2026-05-22,"Covers all tribal gaming on Indian lands: Class I (traditional/social), Class II (bingo, pull-tabs), Class III (casino-style, requires state compact). Public Law 100-497."
